<?xml version = '1.0' encoding = 'UTF-8' standalone = 'yes'?>
<jazn-data xmlns:xsi="http://www.w3.org/2001/XMLSchema-instance"
           xsi:noNamespaceSchemaLocation="http://xmlns.oracle.com/oracleas/schema/jazn-data-11_0.xsd">
  <jazn-realm default="jazn.com">
    <realm>
      <name>jazn.com</name>
      <users>
        <user>
          <name>c9qa-automation_ww@oracle.com</name>
          <credentials>{903}wq9zIFKNcxqd2VMaDNNUa4faiaiy2nn7</credentials>
        </user>
        <user>
          <name>minzhi.sheng@oracle.com</name>
          <credentials>{903}EzbqHjnS7R8fzAEMHyplRBCPitxjmh5GVFIsA3cYReA=</credentials>
        </user>
        <user>
          <name>xiafang.barr@oracle.com</name>
          <credentials>{903}/vUgft6n69CfSXCHdvjcj1vnuYoVy9H4JwUr9pRIxzQ=</credentials>
        </user>
        <user>
          <name>wan.liu@oracle.com</name>
          <credentials>{903}84axpG7xBV8ROo2PcqeC3vxOrsp7a0r14kdP5ZpWhdw=</credentials>
        </user>
        <user>
          <name>haiyang.dong@oracle.com</name>
          <credentials>{903}OVujHUcqE0yQtSaGdSsDpKADShwvXbEMsBYOsj4y6/Y=</credentials>
        </user>
      </users>
    </realm>
  </jazn-realm>
  <policy-store>
    <applications>
      <application>
        <name>SimpleDvtApp</name>
        <jazn-policy>
          <grant>
            <grantee>
              <principals>
                <principal>
                  <name>c9qa-automation_ww@oracle.com</name>
                  <class>oracle.security.jps.internal.core.principals.JpsXmlUserImpl</class>
                </principal>
              </principals>
            </grantee>
            <permissions>
              <permission>
                <class>oracle.adf.share.security.authorization.RegionPermission</class>
                <name>view.pageDefs.graphPageDef</name>
                <actions>view</actions>
              </permission>
            </permissions>
          </grant>
          <grant>
            <grantee>
              <principals>
                <principal>
                  <name>luffy.zhang@oracle.com</name>
                  <class>oracle.security.jps.internal.core.principals.JpsXmlUserImpl</class>
                </principal>
              </principals>
            </grantee>
            <permissions>
              <permission>
                <class>oracle.adf.share.security.authorization.RegionPermission</class>
                <name>view.pageDefs.graphPageDef</name>
                <actions>view</actions>
              </permission>
            </permissions>
          </grant>
          <grant>
            <grantee>
              <principals>
                <principal>
                  <name>xiafang.barr@oracle.com</name>
                  <class>oracle.security.jps.internal.core.principals.JpsXmlUserImpl</class>
                </principal>
              </principals>
            </grantee>
            <permissions>
              <permission>
                <class>oracle.adf.share.security.authorization.RegionPermission</class>
                <name>view.pageDefs.graphPageDef</name>
                <actions>view</actions>
              </permission>
            </permissions>
          </grant>
          <grant>
            <grantee>
              <principals>
                <principal>
                  <name>minzhi.sheng@oracle.com</name>
                  <class>oracle.security.jps.internal.core.principals.JpsXmlUserImpl</class>
                </principal>
              </principals>
            </grantee>
            <permissions>
              <permission>
                <class>oracle.adf.share.security.authorization.RegionPermission</class>
                <name>view.pageDefs.graphPageDef</name>
                <actions>view</actions>
              </permission>
            </permissions>
          </grant>
          <grant>
            <grantee>
              <principals>
                <principal>
                  <name>wan.liu@oracle.com</name>
                  <class>oracle.security.jps.internal.core.principals.JpsXmlUserImpl</class>
                </principal>
              </principals>
            </grantee>
            <permissions>
              <permission>
                <class>oracle.adf.share.security.authorization.RegionPermission</class>
                <name>view.pageDefs.graphPageDef</name>
                <actions>view</actions>
              </permission>
            </permissions>
          </grant>
          <grant>
            <grantee>
              <principals>
                <principal>
                  <name>haiyang.dong@oracle.com</name>
                  <class>oracle.security.jps.internal.core.principals.JpsXmlUserImpl</class>
                </principal>
              </principals>
            </grantee>
            <permissions>
              <permission>
                <class>oracle.adf.share.security.authorization.RegionPermission</class>
                <name>view.pageDefs.graphPageDef</name>
                <actions>view</actions>
              </permission>
            </permissions>
          </grant>
        </jazn-policy>
      </application>
    </applications>
  </policy-store>
</jazn-data>
