<?xml version="1.0" encoding="UTF-8" ?>
<!DOCTYPE Association SYSTEM "jbo_03_01.dtd">
<!---->
<Association
  xmlns="http://xmlns.oracle.com/bc4j"
  Name="FkHyDeptnoAssoc"
  Version="11.1.1.66.30"
  InheritPersonalization="merge">
  <DesignTime>
    <Attr Name="_isCodegen" Value="true"/>
  </DesignTime>
  <AssociationEnd
    Name="Dept"
    Cardinality="1"
    Source="true"
    Owner="model.Dept">
    <DesignTime>
      <Attr Name="_aggregation" Value="0"/>
      <Attr Name="_finderName" Value="Dept"/>
      <Attr Name="_foreignKey" Value="model.Dept.PkHyDept"/>
      <Attr Name="_isUpdateable" Value="true"/>
    </DesignTime>
    <AttrArray Name="Attributes">
      <Item Value="model.Dept.Deptno"/>
    </AttrArray>
  </AssociationEnd>
  <AssociationEnd
    Name="Emp"
    Cardinality="-1"
    Owner="model.Emp">
    <DesignTime>
      <Attr Name="_aggregation" Value="0"/>
      <Attr Name="_finderName" Value="Emp"/>
      <Attr Name="_foreignKey" Value="model.Emp.FkHyDeptno"/>
      <Attr Name="_isUpdateable" Value="true"/>
    </DesignTime>
    <AttrArray Name="Attributes">
      <Item Value="model.Emp.Deptno"/>
    </AttrArray>
  </AssociationEnd>
</Association>
