<?xml version="1.0" encoding="windows-1252" ?>
<!DOCTYPE AppModule SYSTEM "jbo_03_01.dtd">
<!---->
<AppModule
  xmlns="http://xmlns.oracle.com/bc4j"
  Name="AppModuleBCS"
  Version="11.1.1.61.82"
  InheritPersonalization="true"
  ClearCacheOnRollback="true">
  <DesignTime>
    <Attr Name="_deployType" Value="4096"/>
  </DesignTime>
  <ViewUsage
    Name="DeptView1"
    ViewObjectName="model.DeptView"/>
  <Remote
    Name="ServiceInterface"
    ServerClassName="model.server.serviceinterface.AppModuleBCSServiceImpl"
    ServerInterfaceName="model.common.serviceinterface.AppModuleBCSService">
    <DesignTime>
      <Attr Name="_webServiceName" Value="AppModuleBCSService"/>
      <Attr Name="_targetNameSpace" Value="/model/common/"/>
    </DesignTime>
  </Remote>
  <ServiceViewUsage
    ViewUsageName="DeptView1"
    CanCreate="true"
    CanUpdate="true"
    CanDelete="true"
    CanMerge="true">
    <DesignTime>
      <Attr Name="_DeleteOpName" Value="deleteDeptView1"/>
      <Attr Name="_GetOpName" Value="getDeptView1"/>
      <Attr Name="_MergeOpName" Value="mergeDeptView1"/>
      <Attr Name="_FindOpName" Value="findDeptView1"/>
      <Attr Name="_UpdateOpName" Value="updateDeptView1"/>
      <Attr Name="_CreateOpName" Value="createDeptView1"/>
    </DesignTime>
  </ServiceViewUsage>
</AppModule>
