<?xml version="1.0" encoding="UTF-8" ?>
<!DOCTYPE ViewObject SYSTEM "jbo_03_01.dtd">
<!---->
<ViewObject
  xmlns="http://xmlns.oracle.com/bc4j"
  Name="DeptLOV"
  Version="11.1.1.61.92"
  InheritPersonalization="true"
  BindingStyle="OracleName"
  CustomQuery="true"
  PageIterMode="Full"
  UseGlueCode="false">
  <DesignTime>
    <Attr Name="_isExpertMode" Value="true"/>
  </DesignTime>
  <Properties>
    <SchemaBasedProperties>
      <LABEL
        ResId="sharedmodel.DeptLOV_LABEL"/>
    </SchemaBasedProperties>
  </Properties>
  <SQLQuery>
    <![CDATA[select * from Dept]]>
  </SQLQuery>
  <ViewAttribute
    Name="Deptno"
    IsUpdateable="false"
    IsPersistent="false"
    IsNotNull="true"
    PrecisionRule="true"
    Precision="2"
    Scale="0"
    Type="oracle.jbo.domain.Number"
    ColumnType="NUMBER"
    AliasName="DEPTNO"
    Expression="DEPTNO"
    SQLType="NUMERIC">
    <DesignTime>
      <Attr Name="_DisplaySize" Value="3"/>
    </DesignTime>
  </ViewAttribute>
  <ViewAttribute
    Name="Dname"
    IsUpdateable="false"
    IsPersistent="false"
    PrecisionRule="true"
    Precision="14"
    Type="java.lang.String"
    ColumnType="VARCHAR2"
    AliasName="DNAME"
    Expression="DNAME"
    SQLType="VARCHAR">
    <DesignTime>
      <Attr Name="_DisplaySize" Value="14"/>
    </DesignTime>
  </ViewAttribute>
  <ViewAttribute
    Name="Loc"
    IsUpdateable="false"
    IsPersistent="false"
    PrecisionRule="true"
    Precision="13"
    Type="java.lang.String"
    ColumnType="VARCHAR2"
    AliasName="LOC"
    Expression="LOC"
    SQLType="VARCHAR">
    <DesignTime>
      <Attr Name="_DisplaySize" Value="13"/>
    </DesignTime>
  </ViewAttribute>
  <AttrArray Name="KeyAttributes">
    <Item Value="Deptno"/>
  </AttrArray>
  <ResourceBundle>
    <PropertiesBundle
      PropertiesFile="model.ModelBundle"/>
  </ResourceBundle>
</ViewObject>
