<?xml version = '1.0' encoding = 'UTF-8'?>
<References xmlns="http://xmlns.oracle.com/adf/jndi">
   <Reference name="c9test" className="oracle.adf.model.connection.webservice.impl.WebServiceConnectionImpl" xmlns="">
      <Factory className="oracle.adf.model.connection.webservice.api.WebServiceConnectionFactory"/>
      <RefAddresses>
         <XmlRefAddr addrType="WebServiceConnection">
            <Contents>
               <wsconnection description="https://minzhi20150709javas1test-minzhi20150709.java.dc1.c9qa132.oraclecorp.com/c9bcs/AppModuleBCSService?wsdl" service="{/model/common/}AppModuleBCSService">
                  <model name="{/model/common/}AppModuleBCSService" xmlns="http://oracle.com/ws/model">
                     <types xmlns="http://oracle.com/oracle/webservices/mdds">
                        <complexType elementQualified="true" namespace="http://xmlns.oracle.com/adf/svc/errors/" localPart="ServiceMessage" prefix="tns" xmlns="">
                           <sequence minOccurs="1" maxOccurs="1">
                              <part name="code" required="false" namespace="http://xmlns.oracle.com/adf/svc/errors/" elementQualified="true">
                                 <type namespace="http://www.w3.org/2001/XMLSchema" localPart="string"/>
                              </part>
                              <part name="message" required="false" namespace="http://xmlns.oracle.com/adf/svc/errors/" elementQualified="true">
                                 <type namespace="http://www.w3.org/2001/XMLSchema" localPart="string"/>
                              </part>
                              <part name="severity" required="false" namespace="http://xmlns.oracle.com/adf/svc/errors/" elementQualified="true">
                                 <type namespace="http://www.w3.org/2001/XMLSchema" localPart="string"/>
                              </part>
                              <part name="detail" required="false" namespace="http://xmlns.oracle.com/adf/svc/errors/" elementQualified="true">
                                 <array dimensions="1" type="2">
                                    <type namespace="http://xmlns.oracle.com/adf/svc/errors/" localPart="ServiceMessage" prefix="tns"/>
                                 </array>
                              </part>
                           </sequence>
                        </complexType>
                        <enumeration namespace="http://xmlns.oracle.com/adf/svc/types/" localPart="Conjunction" xsdType="string" xmlns="">
                           <value value="And"/>
                           <value value="Or"/>
                           <value value="Not"/>
                           <value value="AndNot"/>
                           <value value="OrNot"/>
                        </enumeration>
                        <complexType elementQualified="true" namespace="http://xmlns.oracle.com/adf/svc/types/" localPart="FindControl" prefix="" xmlns="">
                           <sequence minOccurs="1" maxOccurs="1">
                              <part name="retrieveAllTranslations" required="true" namespace="http://xmlns.oracle.com/adf/svc/types/" elementQualified="true">
                                 <type namespace="http://www.w3.org/2001/XMLSchema" localPart="boolean"/>
                              </part>
                           </sequence>
                        </complexType>
                        <complexType elementQualified="true" namespace="http://xmlns.oracle.com/adf/svc/types/" localPart="ViewCriteriaRow" prefix="" xmlns="">
                           <sequence minOccurs="1" maxOccurs="1">
                              <part name="conjunction" required="false" namespace="http://xmlns.oracle.com/adf/svc/types/" elementQualified="true">
                                 <type namespace="http://xmlns.oracle.com/adf/svc/types/" localPart="Conjunction"/>
                              </part>
                              <part name="upperCaseCompare" required="true" namespace="http://xmlns.oracle.com/adf/svc/types/" elementQualified="true">
                                 <type namespace="http://www.w3.org/2001/XMLSchema" localPart="boolean"/>
                              </part>
                              <part name="item" required="true" namespace="http://xmlns.oracle.com/adf/svc/types/" elementQualified="true">
                                 <array dimensions="1" type="2">
                                    <type namespace="http://xmlns.oracle.com/adf/svc/types/" localPart="ViewCriteriaItem" prefix=""/>
                                 </array>
                              </part>
                           </sequence>
                        </complexType>
                        <complexType elementQualified="true" namespace="http://xmlns.oracle.com/adf/svc/errors/" localPart="ServiceErrorMessage" prefix="tns" xmlns="">
                           <sequence minOccurs="0" maxOccurs="0">
                              <part name="code" required="false" namespace="http://xmlns.oracle.com/adf/svc/errors/" elementQualified="true">
                                 <type namespace="http://www.w3.org/2001/XMLSchema" localPart="string"/>
                              </part>
                              <part name="message" required="false" namespace="http://xmlns.oracle.com/adf/svc/errors/" elementQualified="true">
                                 <type namespace="http://www.w3.org/2001/XMLSchema" localPart="string"/>
                              </part>
                              <part name="severity" required="false" namespace="http://xmlns.oracle.com/adf/svc/errors/" elementQualified="true">
                                 <type namespace="http://www.w3.org/2001/XMLSchema" localPart="string"/>
                              </part>
                              <part name="detail" required="false" namespace="http://xmlns.oracle.com/adf/svc/errors/" elementQualified="true">
                                 <array dimensions="1" type="2">
                                    <type namespace="http://xmlns.oracle.com/adf/svc/errors/" localPart="ServiceMessage" prefix="tns"/>
                                 </array>
                              </part>
                              <part name="sdoObject" required="false" namespace="http://xmlns.oracle.com/adf/svc/errors/" elementQualified="true">
                                 <type namespace="http://www.w3.org/2001/XMLSchema" localPart="anyType"/>
                              </part>
                              <part name="exceptionClassName" required="false" namespace="http://xmlns.oracle.com/adf/svc/errors/" elementQualified="true">
                                 <type namespace="http://www.w3.org/2001/XMLSchema" localPart="string"/>
                              </part>
                           </sequence>
                        </complexType>
                        <complexType elementQualified="true" namespace="http://xmlns.oracle.com/adf/svc/types/" localPart="SortAttribute" prefix="" xmlns="">
                           <sequence minOccurs="1" maxOccurs="1">
                              <part name="name" required="true" namespace="http://xmlns.oracle.com/adf/svc/types/" elementQualified="true">
                                 <type namespace="http://www.w3.org/2001/XMLSchema" localPart="string"/>
                              </part>
                              <part name="descending" required="true" namespace="http://xmlns.oracle.com/adf/svc/types/" elementQualified="true">
                                 <type namespace="http://www.w3.org/2001/XMLSchema" localPart="boolean"/>
                              </part>
                           </sequence>
                        </complexType>
                        <complexType elementQualified="true" namespace="http://xmlns.oracle.com/adf/svc/types/" localPart="FindCriteria" prefix="" xmlns="">
                           <sequence minOccurs="1" maxOccurs="1">
                              <part name="fetchStart" required="true" namespace="http://xmlns.oracle.com/adf/svc/types/" elementQualified="true">
                                 <type namespace="http://www.w3.org/2001/XMLSchema" localPart="int"/>
                              </part>
                              <part name="fetchSize" required="true" namespace="http://xmlns.oracle.com/adf/svc/types/" elementQualified="true">
                                 <type namespace="http://www.w3.org/2001/XMLSchema" localPart="int"/>
                              </part>
                              <part name="filter" required="false" namespace="http://xmlns.oracle.com/adf/svc/types/" elementQualified="true">
                                 <type namespace="http://xmlns.oracle.com/adf/svc/types/" localPart="ViewCriteria" prefix=""/>
                              </part>
                              <part name="sortOrder" required="false" namespace="http://xmlns.oracle.com/adf/svc/types/" elementQualified="true">
                                 <type namespace="http://xmlns.oracle.com/adf/svc/types/" localPart="SortOrder" prefix=""/>
                              </part>
                              <part name="findAttribute" required="false" namespace="http://xmlns.oracle.com/adf/svc/types/" elementQualified="true">
                                 <array dimensions="1" type="2">
                                    <type namespace="http://www.w3.org/2001/XMLSchema" localPart="string"/>
                                 </array>
                              </part>
                              <part name="excludeAttribute" required="true" namespace="http://xmlns.oracle.com/adf/svc/types/" elementQualified="true">
                                 <type namespace="http://www.w3.org/2001/XMLSchema" localPart="boolean"/>
                              </part>
                              <part name="childFindCriteria" required="false" namespace="http://xmlns.oracle.com/adf/svc/types/" elementQualified="true">
                                 <array dimensions="1" type="2">
                                    <type namespace="http://xmlns.oracle.com/adf/svc/types/" localPart="ChildFindCriteria" prefix=""/>
                                 </array>
                              </part>
                           </sequence>
                        </complexType>
                        <complexType elementQualified="true" namespace="http://xmlns.oracle.com/adf/svc/types/" localPart="SortOrder" prefix="" xmlns="">
                           <sequence minOccurs="1" maxOccurs="1">
                              <part name="sortAttribute" required="true" namespace="http://xmlns.oracle.com/adf/svc/types/" elementQualified="true">
                                 <array dimensions="1" type="2">
                                    <type namespace="http://xmlns.oracle.com/adf/svc/types/" localPart="SortAttribute" prefix=""/>
                                 </array>
                              </part>
                           </sequence>
                        </complexType>
                        <complexType elementQualified="true" namespace="/model/common/" localPart="DeptViewSDO" prefix="" xmlns="">
                           <sequence minOccurs="1" maxOccurs="1">
                              <part name="Deptno" required="false" namespace="/model/common/" elementQualified="true">
                                 <type namespace="http://www.w3.org/2001/XMLSchema" localPart="int"/>
                              </part>
                              <part name="Dname" required="false" nillable="true" namespace="/model/common/" elementQualified="true">
                                 <type namespace="http://www.w3.org/2001/XMLSchema" localPart="string"/>
                              </part>
                              <part name="Loc" required="false" nillable="true" namespace="/model/common/" elementQualified="true">
                                 <type namespace="http://www.w3.org/2001/XMLSchema" localPart="string"/>
                              </part>
                           </sequence>
                        </complexType>
                        <complexType elementQualified="true" namespace="http://xmlns.oracle.com/adf/svc/types/" localPart="ViewCriteriaItem" prefix="" xmlns="">
                           <sequence minOccurs="1" maxOccurs="1">
                              <part name="conjunction" required="false" namespace="http://xmlns.oracle.com/adf/svc/types/" elementQualified="true">
                                 <type namespace="http://xmlns.oracle.com/adf/svc/types/" localPart="Conjunction"/>
                              </part>
                              <part name="upperCaseCompare" required="true" namespace="http://xmlns.oracle.com/adf/svc/types/" elementQualified="true">
                                 <type namespace="http://www.w3.org/2001/XMLSchema" localPart="boolean"/>
                              </part>
                              <part name="attribute" required="true" namespace="http://xmlns.oracle.com/adf/svc/types/" elementQualified="true">
                                 <type namespace="http://www.w3.org/2001/XMLSchema" localPart="string"/>
                              </part>
                              <part name="operator" required="true" namespace="http://xmlns.oracle.com/adf/svc/types/" elementQualified="true">
                                 <type namespace="http://www.w3.org/2001/XMLSchema" localPart="string"/>
                              </part>
                              <choice minOccurs="1" maxOccurs="1">
                                 <part name="value" required="false" namespace="http://xmlns.oracle.com/adf/svc/types/" elementQualified="true">
                                    <array dimensions="1" type="2">
                                       <type namespace="http://www.w3.org/2001/XMLSchema" localPart="anySimpleType"/>
                                    </array>
                                 </part>
                                 <part name="nested" required="false" namespace="http://xmlns.oracle.com/adf/svc/types/" elementQualified="true">
                                    <type namespace="http://xmlns.oracle.com/adf/svc/types/" localPart="ViewCriteria" prefix=""/>
                                 </part>
                              </choice>
                           </sequence>
                        </complexType>
                        <complexType elementQualified="true" namespace="http://xmlns.oracle.com/adf/svc/types/" localPart="ViewCriteria" prefix="" xmlns="">
                           <sequence minOccurs="1" maxOccurs="1">
                              <part name="conjunction" required="false" namespace="http://xmlns.oracle.com/adf/svc/types/" elementQualified="true">
                                 <type namespace="http://xmlns.oracle.com/adf/svc/types/" localPart="Conjunction"/>
                              </part>
                              <part name="group" required="true" namespace="http://xmlns.oracle.com/adf/svc/types/" elementQualified="true">
                                 <array dimensions="1" type="2">
                                    <type namespace="http://xmlns.oracle.com/adf/svc/types/" localPart="ViewCriteriaRow" prefix=""/>
                                 </array>
                              </part>
                              <part name="nested" required="false" namespace="http://xmlns.oracle.com/adf/svc/types/" elementQualified="true">
                                 <array dimensions="1" type="2">
                                    <type namespace="http://xmlns.oracle.com/adf/svc/types/" localPart="ViewCriteria" prefix=""/>
                                 </array>
                              </part>
                           </sequence>
                        </complexType>
                        <complexType elementQualified="true" namespace="http://xmlns.oracle.com/adf/svc/types/" localPart="ChildFindCriteria" prefix="" xmlns="">
                           <sequence minOccurs="0" maxOccurs="0">
                              <part name="fetchStart" required="true" namespace="http://xmlns.oracle.com/adf/svc/types/" elementQualified="true">
                                 <type namespace="http://www.w3.org/2001/XMLSchema" localPart="int"/>
                              </part>
                              <part name="fetchSize" required="true" namespace="http://xmlns.oracle.com/adf/svc/types/" elementQualified="true">
                                 <type namespace="http://www.w3.org/2001/XMLSchema" localPart="int"/>
                              </part>
                              <part name="filter" required="false" namespace="http://xmlns.oracle.com/adf/svc/types/" elementQualified="true">
                                 <type namespace="http://xmlns.oracle.com/adf/svc/types/" localPart="ViewCriteria" prefix=""/>
                              </part>
                              <part name="sortOrder" required="false" namespace="http://xmlns.oracle.com/adf/svc/types/" elementQualified="true">
                                 <type namespace="http://xmlns.oracle.com/adf/svc/types/" localPart="SortOrder" prefix=""/>
                              </part>
                              <part name="findAttribute" required="false" namespace="http://xmlns.oracle.com/adf/svc/types/" elementQualified="true">
                                 <array dimensions="1" type="2">
                                    <type namespace="http://www.w3.org/2001/XMLSchema" localPart="string"/>
                                 </array>
                              </part>
                              <part name="excludeAttribute" required="true" namespace="http://xmlns.oracle.com/adf/svc/types/" elementQualified="true">
                                 <type namespace="http://www.w3.org/2001/XMLSchema" localPart="boolean"/>
                              </part>
                              <part name="childAttrName" required="true" namespace="http://xmlns.oracle.com/adf/svc/types/" elementQualified="true">
                                 <type namespace="http://www.w3.org/2001/XMLSchema" localPart="string"/>
                              </part>
                           </sequence>
                        </complexType>
                        <types-in-elements/>
                     </types>
                     <wsp:Policy xmlns:wsp="http://schemas.xmlsoap.org/ws/2004/09/policy" xmlns="http://schemas.xmlsoap.org/ws/2004/09/policy" xmlns:wsu="http://docs.oasis-open.org/wss/2004/01/oasis-200401-wss-wssecurity-utility-1.0.xsd" wsu:Id="wss_username_token_service_policy" xmlns:xsi="http://www.w3.org/2001/XMLSchema-instance">
   <sp:SupportingTokens xmlns:sp="http://schemas.xmlsoap.org/ws/2005/07/securitypolicy">
      <wsp:Policy>
         <sp:UsernameToken sp:IncludeToken="http://schemas.xmlsoap.org/ws/2005/07/securitypolicy/IncludeToken/AlwaysToRecipient">
            <wsp:Policy>
               <sp:WssUsernameToken10/>
            </wsp:Policy>
         </sp:UsernameToken>
      </wsp:Policy>
   </sp:SupportingTokens>
</wsp:Policy>
                     <service name="{/model/common/}AppModuleBCSService">
                        <port name="AppModuleBCSServiceSoapHttpPort" binding="{/model/common/}AppModuleBCSServiceSoapHttp" portType="{/model/common/}AppModuleBCSService">
                           <call-properties xmlns="http://oracle.com/adf">
                              <call-property id="csf-key" xmlns="">
                                 <name>csf-key</name>
                                 <value>mytest</value>
                              </call-property>
                           </call-properties>
                           <soap addressUrl="https://xiafang20151116javas1-xiafang20151116.java.dc1.c9edgga.oraclecorp.com/c9bcs/AppModuleBCSService" xmlns="http://schemas.xmlsoap.org/wsdl/soap/"/>
                           <wsp:PolicyReference xmlns:wsp="http://schemas.xmlsoap.org/ws/2004/09/policy" URI="#wss_username_token_service_policy" xmlns:wsdl="http://schemas.xmlsoap.org/wsdl/" wsdl:required="false"/>
                           <operation name="updateDeptView1">
                              <soap soapAction="/model/common/updateDeptView1" xmlns="http://schemas.xmlsoap.org/wsdl/soap/"/>
                              <input name="" message="{/model/common/}AppModuleBCSService_updateDeptView1">
                                 <message style="2" use="1" soapVersion="1" encodingStyle="" docLitWrapped="true" namespace="/model/common/types/" localPart="updateDeptView1" xmlns="http://oracle.com/oracle/webservices/mdds">
                                    <part name="parameters" required="true" xmlns="">
                                       <type>
                                          <complexType elementQualified="true">
                                             <sequence minOccurs="1" maxOccurs="1">
                                                <part name="deptView1" required="true" namespace="/model/common/types/" elementQualified="true">
                                                   <type namespace="/model/common/" localPart="DeptViewSDO" prefix=""/>
                                                </part>
                                             </sequence>
                                          </complexType>
                                       </type>
                                    </part>
                                 </message>
                              </input>
                              <fault name="ServiceException" message="{http://xmlns.oracle.com/adf/svc/errors/}ServiceException">
                                 <message style="2" use="1" soapVersion="1" encodingStyle="" docLitWrapped="false" namespace="http://schemas.xmlsoap.org/soap/envelope/" localPart="Fault" xmlns="http://oracle.com/oracle/webservices/mdds">
                                    <part name="fault" required="false" xmlns="">
                                       <type>
                                          <complexType elementQualified="true">
                                             <part name="faultcode" required="false" nillable="true" namespace="http://schemas.xmlsoap.org/soap/envelope/" elementQualified="false">
                                                <type namespace="http://www.w3.org/2001/XMLSchema" localPart="string"/>
                                             </part>
                                             <part name="faultstring" required="false" nillable="true" namespace="http://schemas.xmlsoap.org/soap/envelope/" elementQualified="false">
                                                <type namespace="http://www.w3.org/2001/XMLSchema" localPart="string"/>
                                             </part>
                                             <part name="detail" required="false" nillable="true" namespace="http://schemas.xmlsoap.org/soap/envelope/" elementQualified="false">
                                                <type>
                                                   <complexType elementQualified="true">
                                                      <part name="ServiceErrorMessage" required="true" namespace="" elementQualified="false">
                                                         <type namespace="http://xmlns.oracle.com/adf/svc/errors/" localPart="ServiceErrorMessage" prefix="tns"/>
                                                      </part>
                                                   </complexType>
                                                </type>
                                             </part>
                                          </complexType>
                                       </type>
                                    </part>
                                 </message>
                              </fault>
                              <output name="" message="{/model/common/}AppModuleBCSService_updateDeptView1Response">
                                 <message style="2" use="1" soapVersion="1" encodingStyle="" docLitWrapped="true" namespace="/model/common/types/" localPart="updateDeptView1Response" xmlns="http://oracle.com/oracle/webservices/mdds">
                                    <part name="parameters" required="true" xmlns="">
                                       <type>
                                          <complexType elementQualified="true">
                                             <sequence minOccurs="1" maxOccurs="1">
                                                <part name="result" required="true" namespace="/model/common/types/" elementQualified="true">
                                                   <type namespace="/model/common/" localPart="DeptViewSDO" prefix=""/>
                                                </part>
                                             </sequence>
                                          </complexType>
                                       </type>
                                    </part>
                                 </message>
                              </output>
                           </operation>
                           <operation name="getDeptView1">
                              <soap soapAction="/model/common/getDeptView1" xmlns="http://schemas.xmlsoap.org/wsdl/soap/"/>
                              <input name="" message="{/model/common/}AppModuleBCSService_getDeptView1">
                                 <message style="2" use="1" soapVersion="1" encodingStyle="" docLitWrapped="true" namespace="/model/common/types/" localPart="getDeptView1" xmlns="http://oracle.com/oracle/webservices/mdds">
                                    <part name="parameters" required="true" xmlns="">
                                       <type>
                                          <complexType elementQualified="true">
                                             <sequence minOccurs="1" maxOccurs="1">
                                                <part name="deptno" required="true" namespace="/model/common/types/" elementQualified="true">
                                                   <type namespace="http://www.w3.org/2001/XMLSchema" localPart="int"/>
                                                </part>
                                             </sequence>
                                          </complexType>
                                       </type>
                                    </part>
                                 </message>
                              </input>
                              <fault name="ServiceException" message="{http://xmlns.oracle.com/adf/svc/errors/}ServiceException">
                                 <message style="2" use="1" soapVersion="1" encodingStyle="" docLitWrapped="false" namespace="http://schemas.xmlsoap.org/soap/envelope/" localPart="Fault" xmlns="http://oracle.com/oracle/webservices/mdds">
                                    <part name="fault" required="false" xmlns="">
                                       <type>
                                          <complexType elementQualified="true">
                                             <part name="faultcode" required="false" nillable="true" namespace="http://schemas.xmlsoap.org/soap/envelope/" elementQualified="false">
                                                <type namespace="http://www.w3.org/2001/XMLSchema" localPart="string"/>
                                             </part>
                                             <part name="faultstring" required="false" nillable="true" namespace="http://schemas.xmlsoap.org/soap/envelope/" elementQualified="false">
                                                <type namespace="http://www.w3.org/2001/XMLSchema" localPart="string"/>
                                             </part>
                                             <part name="detail" required="false" nillable="true" namespace="http://schemas.xmlsoap.org/soap/envelope/" elementQualified="false">
                                                <type>
                                                   <complexType elementQualified="true">
                                                      <part name="ServiceErrorMessage" required="true" namespace="" elementQualified="false">
                                                         <type namespace="http://xmlns.oracle.com/adf/svc/errors/" localPart="ServiceErrorMessage" prefix="tns"/>
                                                      </part>
                                                   </complexType>
                                                </type>
                                             </part>
                                          </complexType>
                                       </type>
                                    </part>
                                 </message>
                              </fault>
                              <output name="" message="{/model/common/}AppModuleBCSService_getDeptView1Response">
                                 <message style="2" use="1" soapVersion="1" encodingStyle="" docLitWrapped="true" namespace="/model/common/types/" localPart="getDeptView1Response" xmlns="http://oracle.com/oracle/webservices/mdds">
                                    <part name="parameters" required="true" xmlns="">
                                       <type>
                                          <complexType elementQualified="true">
                                             <sequence minOccurs="1" maxOccurs="1">
                                                <part name="result" required="true" namespace="/model/common/types/" elementQualified="true">
                                                   <type namespace="/model/common/" localPart="DeptViewSDO" prefix=""/>
                                                </part>
                                             </sequence>
                                          </complexType>
                                       </type>
                                    </part>
                                 </message>
                              </output>
                           </operation>
                           <operation name="createDeptView1">
                              <soap soapAction="/model/common/createDeptView1" xmlns="http://schemas.xmlsoap.org/wsdl/soap/"/>
                              <input name="" message="{/model/common/}AppModuleBCSService_createDeptView1">
                                 <message style="2" use="1" soapVersion="1" encodingStyle="" docLitWrapped="true" namespace="/model/common/types/" localPart="createDeptView1" xmlns="http://oracle.com/oracle/webservices/mdds">
                                    <part name="parameters" required="true" xmlns="">
                                       <type>
                                          <complexType elementQualified="true">
                                             <sequence minOccurs="1" maxOccurs="1">
                                                <part name="deptView1" required="true" namespace="/model/common/types/" elementQualified="true">
                                                   <type namespace="/model/common/" localPart="DeptViewSDO" prefix=""/>
                                                </part>
                                             </sequence>
                                          </complexType>
                                       </type>
                                    </part>
                                 </message>
                              </input>
                              <fault name="ServiceException" message="{http://xmlns.oracle.com/adf/svc/errors/}ServiceException">
                                 <message style="2" use="1" soapVersion="1" encodingStyle="" docLitWrapped="false" namespace="http://schemas.xmlsoap.org/soap/envelope/" localPart="Fault" xmlns="http://oracle.com/oracle/webservices/mdds">
                                    <part name="fault" required="false" xmlns="">
                                       <type>
                                          <complexType elementQualified="true">
                                             <part name="faultcode" required="false" nillable="true" namespace="http://schemas.xmlsoap.org/soap/envelope/" elementQualified="false">
                                                <type namespace="http://www.w3.org/2001/XMLSchema" localPart="string"/>
                                             </part>
                                             <part name="faultstring" required="false" nillable="true" namespace="http://schemas.xmlsoap.org/soap/envelope/" elementQualified="false">
                                                <type namespace="http://www.w3.org/2001/XMLSchema" localPart="string"/>
                                             </part>
                                             <part name="detail" required="false" nillable="true" namespace="http://schemas.xmlsoap.org/soap/envelope/" elementQualified="false">
                                                <type>
                                                   <complexType elementQualified="true">
                                                      <part name="ServiceErrorMessage" required="true" namespace="" elementQualified="false">
                                                         <type namespace="http://xmlns.oracle.com/adf/svc/errors/" localPart="ServiceErrorMessage" prefix="tns"/>
                                                      </part>
                                                   </complexType>
                                                </type>
                                             </part>
                                          </complexType>
                                       </type>
                                    </part>
                                 </message>
                              </fault>
                              <output name="" message="{/model/common/}AppModuleBCSService_createDeptView1Response">
                                 <message style="2" use="1" soapVersion="1" encodingStyle="" docLitWrapped="true" namespace="/model/common/types/" localPart="createDeptView1Response" xmlns="http://oracle.com/oracle/webservices/mdds">
                                    <part name="parameters" required="true" xmlns="">
                                       <type>
                                          <complexType elementQualified="true">
                                             <sequence minOccurs="1" maxOccurs="1">
                                                <part name="result" required="true" namespace="/model/common/types/" elementQualified="true">
                                                   <type namespace="/model/common/" localPart="DeptViewSDO" prefix=""/>
                                                </part>
                                             </sequence>
                                          </complexType>
                                       </type>
                                    </part>
                                 </message>
                              </output>
                           </operation>
                           <operation name="deleteDeptView1">
                              <soap soapAction="/model/common/deleteDeptView1" xmlns="http://schemas.xmlsoap.org/wsdl/soap/"/>
                              <input name="" message="{/model/common/}AppModuleBCSService_deleteDeptView1">
                                 <message style="2" use="1" soapVersion="1" encodingStyle="" docLitWrapped="true" namespace="/model/common/types/" localPart="deleteDeptView1" xmlns="http://oracle.com/oracle/webservices/mdds">
                                    <part name="parameters" required="true" xmlns="">
                                       <type>
                                          <complexType elementQualified="true">
                                             <sequence minOccurs="1" maxOccurs="1">
                                                <part name="deptView1" required="true" namespace="/model/common/types/" elementQualified="true">
                                                   <type namespace="/model/common/" localPart="DeptViewSDO" prefix=""/>
                                                </part>
                                             </sequence>
                                          </complexType>
                                       </type>
                                    </part>
                                 </message>
                              </input>
                              <fault name="ServiceException" message="{http://xmlns.oracle.com/adf/svc/errors/}ServiceException">
                                 <message style="2" use="1" soapVersion="1" encodingStyle="" docLitWrapped="false" namespace="http://schemas.xmlsoap.org/soap/envelope/" localPart="Fault" xmlns="http://oracle.com/oracle/webservices/mdds">
                                    <part name="fault" required="false" xmlns="">
                                       <type>
                                          <complexType elementQualified="true">
                                             <part name="faultcode" required="false" nillable="true" namespace="http://schemas.xmlsoap.org/soap/envelope/" elementQualified="false">
                                                <type namespace="http://www.w3.org/2001/XMLSchema" localPart="string"/>
                                             </part>
                                             <part name="faultstring" required="false" nillable="true" namespace="http://schemas.xmlsoap.org/soap/envelope/" elementQualified="false">
                                                <type namespace="http://www.w3.org/2001/XMLSchema" localPart="string"/>
                                             </part>
                                             <part name="detail" required="false" nillable="true" namespace="http://schemas.xmlsoap.org/soap/envelope/" elementQualified="false">
                                                <type>
                                                   <complexType elementQualified="true">
                                                      <part name="ServiceErrorMessage" required="true" namespace="" elementQualified="false">
                                                         <type namespace="http://xmlns.oracle.com/adf/svc/errors/" localPart="ServiceErrorMessage" prefix="tns"/>
                                                      </part>
                                                   </complexType>
                                                </type>
                                             </part>
                                          </complexType>
                                       </type>
                                    </part>
                                 </message>
                              </fault>
                              <output name="" message="{/model/common/}AppModuleBCSService_deleteDeptView1Response">
                                 <message style="2" use="1" soapVersion="1" encodingStyle="" docLitWrapped="true" namespace="/model/common/types/" localPart="deleteDeptView1Response" xmlns="http://oracle.com/oracle/webservices/mdds">
                                    <part name="parameters" required="true" xmlns="">
                                       <type>
                                          <complexType elementQualified="true">
                                             <sequence minOccurs="1" maxOccurs="1"/>
                                          </complexType>
                                       </type>
                                    </part>
                                 </message>
                              </output>
                           </operation>
                           <operation name="mergeDeptView1">
                              <soap soapAction="/model/common/mergeDeptView1" xmlns="http://schemas.xmlsoap.org/wsdl/soap/"/>
                              <input name="" message="{/model/common/}AppModuleBCSService_mergeDeptView1">
                                 <message style="2" use="1" soapVersion="1" encodingStyle="" docLitWrapped="true" namespace="/model/common/types/" localPart="mergeDeptView1" xmlns="http://oracle.com/oracle/webservices/mdds">
                                    <part name="parameters" required="true" xmlns="">
                                       <type>
                                          <complexType elementQualified="true">
                                             <sequence minOccurs="1" maxOccurs="1">
                                                <part name="deptView1" required="true" namespace="/model/common/types/" elementQualified="true">
                                                   <type namespace="/model/common/" localPart="DeptViewSDO" prefix=""/>
                                                </part>
                                             </sequence>
                                          </complexType>
                                       </type>
                                    </part>
                                 </message>
                              </input>
                              <fault name="ServiceException" message="{http://xmlns.oracle.com/adf/svc/errors/}ServiceException">
                                 <message style="2" use="1" soapVersion="1" encodingStyle="" docLitWrapped="false" namespace="http://schemas.xmlsoap.org/soap/envelope/" localPart="Fault" xmlns="http://oracle.com/oracle/webservices/mdds">
                                    <part name="fault" required="false" xmlns="">
                                       <type>
                                          <complexType elementQualified="true">
                                             <part name="faultcode" required="false" nillable="true" namespace="http://schemas.xmlsoap.org/soap/envelope/" elementQualified="false">
                                                <type namespace="http://www.w3.org/2001/XMLSchema" localPart="string"/>
                                             </part>
                                             <part name="faultstring" required="false" nillable="true" namespace="http://schemas.xmlsoap.org/soap/envelope/" elementQualified="false">
                                                <type namespace="http://www.w3.org/2001/XMLSchema" localPart="string"/>
                                             </part>
                                             <part name="detail" required="false" nillable="true" namespace="http://schemas.xmlsoap.org/soap/envelope/" elementQualified="false">
                                                <type>
                                                   <complexType elementQualified="true">
                                                      <part name="ServiceErrorMessage" required="true" namespace="" elementQualified="false">
                                                         <type namespace="http://xmlns.oracle.com/adf/svc/errors/" localPart="ServiceErrorMessage" prefix="tns"/>
                                                      </part>
                                                   </complexType>
                                                </type>
                                             </part>
                                          </complexType>
                                       </type>
                                    </part>
                                 </message>
                              </fault>
                              <output name="" message="{/model/common/}AppModuleBCSService_mergeDeptView1Response">
                                 <message style="2" use="1" soapVersion="1" encodingStyle="" docLitWrapped="true" namespace="/model/common/types/" localPart="mergeDeptView1Response" xmlns="http://oracle.com/oracle/webservices/mdds">
                                    <part name="parameters" required="true" xmlns="">
                                       <type>
                                          <complexType elementQualified="true">
                                             <sequence minOccurs="1" maxOccurs="1">
                                                <part name="result" required="true" namespace="/model/common/types/" elementQualified="true">
                                                   <type namespace="/model/common/" localPart="DeptViewSDO" prefix=""/>
                                                </part>
                                             </sequence>
                                          </complexType>
                                       </type>
                                    </part>
                                 </message>
                              </output>
                           </operation>
                           <operation name="findDeptView1">
                              <soap soapAction="/model/common/findDeptView1" xmlns="http://schemas.xmlsoap.org/wsdl/soap/"/>
                              <input name="" message="{/model/common/}AppModuleBCSService_findDeptView1">
                                 <message style="2" use="1" soapVersion="1" encodingStyle="" docLitWrapped="true" namespace="/model/common/types/" localPart="findDeptView1" xmlns="http://oracle.com/oracle/webservices/mdds">
                                    <part name="parameters" required="true" xmlns="">
                                       <type>
                                          <complexType elementQualified="true">
                                             <sequence minOccurs="1" maxOccurs="1">
                                                <part name="findCriteria" required="true" namespace="/model/common/types/" elementQualified="true">
                                                   <type namespace="http://xmlns.oracle.com/adf/svc/types/" localPart="FindCriteria" prefix=""/>
                                                </part>
                                                <part name="findControl" required="true" namespace="/model/common/types/" elementQualified="true">
                                                   <type namespace="http://xmlns.oracle.com/adf/svc/types/" localPart="FindControl" prefix=""/>
                                                </part>
                                             </sequence>
                                          </complexType>
                                       </type>
                                    </part>
                                 </message>
                              </input>
                              <fault name="ServiceException" message="{http://xmlns.oracle.com/adf/svc/errors/}ServiceException">
                                 <message style="2" use="1" soapVersion="1" encodingStyle="" docLitWrapped="false" namespace="http://schemas.xmlsoap.org/soap/envelope/" localPart="Fault" xmlns="http://oracle.com/oracle/webservices/mdds">
                                    <part name="fault" required="false" xmlns="">
                                       <type>
                                          <complexType elementQualified="true">
                                             <part name="faultcode" required="false" nillable="true" namespace="http://schemas.xmlsoap.org/soap/envelope/" elementQualified="false">
                                                <type namespace="http://www.w3.org/2001/XMLSchema" localPart="string"/>
                                             </part>
                                             <part name="faultstring" required="false" nillable="true" namespace="http://schemas.xmlsoap.org/soap/envelope/" elementQualified="false">
                                                <type namespace="http://www.w3.org/2001/XMLSchema" localPart="string"/>
                                             </part>
                                             <part name="detail" required="false" nillable="true" namespace="http://schemas.xmlsoap.org/soap/envelope/" elementQualified="false">
                                                <type>
                                                   <complexType elementQualified="true">
                                                      <part name="ServiceErrorMessage" required="true" namespace="" elementQualified="false">
                                                         <type namespace="http://xmlns.oracle.com/adf/svc/errors/" localPart="ServiceErrorMessage" prefix="tns"/>
                                                      </part>
                                                   </complexType>
                                                </type>
                                             </part>
                                          </complexType>
                                       </type>
                                    </part>
                                 </message>
                              </fault>
                              <output name="" message="{/model/common/}AppModuleBCSService_findDeptView1Response">
                                 <message style="2" use="1" soapVersion="1" encodingStyle="" docLitWrapped="true" namespace="/model/common/types/" localPart="findDeptView1Response" xmlns="http://oracle.com/oracle/webservices/mdds">
                                    <part name="parameters" required="true" xmlns="">
                                       <type>
                                          <complexType elementQualified="true">
                                             <sequence minOccurs="1" maxOccurs="1">
                                                <part name="result" required="false" namespace="/model/common/types/" elementQualified="true">
                                                   <array dimensions="1" type="2">
                                                      <type namespace="/model/common/" localPart="DeptViewSDO" prefix=""/>
                                                   </array>
                                                </part>
                                             </sequence>
                                          </complexType>
                                       </type>
                                    </part>
                                 </message>
                              </output>
                           </operation>
                        </port>
                     </service>
                  </model>
               </wsconnection>
            </Contents>
         </XmlRefAddr>
      </RefAddresses>
   </Reference>
</References>