<?xml version = '1.0' encoding = 'UTF-8'?>
<weblogic-web-app xmlns:xsi="http://www.w3.org/2001/XMLSchema-instance"
                  xsi:schemaLocation="http://www.bea.com/ns/weblogic/weblogic-web-app http://www.bea.com/ns/weblogic/weblogic-web-app/1.0/weblogic-web-app.xsd"
                  xmlns="http://www.bea.com/ns/weblogic/weblogic-web-app">
  <security-role-assignment>
    <role-name>valid-users</role-name>
    <principal-name>users</principal-name>
  </security-role-assignment>
   <session-descriptor>
    <cookie-name>SimpleDvtApp-ViewController-context-root</cookie-name>
  </session-descriptor>
</weblogic-web-app>
