<?xml version="1.0" encoding="Cp1252"?>
<object-persistence xmlns="http://www.eclipse.org/eclipselink/xsds/persistence" xmlns:xsd="http://www.w3.org/2001/XMLSchema" xmlns:eclipselink="http://www.eclipse.org/eclipselink/xsds/persistence" xmlns:xsi="http://www.w3.org/2001/XMLSchema-instance" version="Eclipse Persistence Services - 2.3.1.v20111018-r10243">
   <name>tlMap</name>
   <class-mapping-descriptors>
      <class-mapping-descriptor xsi:type="relational-class-mapping-descriptor">
         <class>pj.Dept</class>
         <alias>Dept</alias>
         <primary-key>
            <field table="DEPT" name="DEPTNO" xsi:type="column"/>
         </primary-key>
         <events/>
         <querying>
            <queries>
               <query name="findAllDept" xsi:type="read-all-query">
                  <reference-class>pj.Dept</reference-class>
                  <outer-join-subclasses>false</outer-join-subclasses>
                  <container xsi:type="list-container-policy">
                     <collection-type>java.util.Vector</collection-type>
                  </container>
               </query>
            </queries>
         </querying>
         <attribute-mappings>
            <attribute-mapping xsi:type="direct-mapping">
               <attribute-name>deptno</attribute-name>
               <field table="DEPT" name="DEPTNO" xsi:type="column"/>
            </attribute-mapping>
            <attribute-mapping xsi:type="direct-mapping">
               <attribute-name>dname</attribute-name>
               <field table="DEPT" name="DNAME" xsi:type="column"/>
            </attribute-mapping>
            <attribute-mapping xsi:type="one-to-many-mapping">
               <attribute-name>empCollection</attribute-name>
               <reference-class>pj.Emp</reference-class>
               <target-foreign-key>
                  <field-reference>
                     <source-field table="EMP" name="DEPTNO" xsi:type="column"/>
                     <target-field table="DEPT" name="DEPTNO" xsi:type="column"/>
                  </field-reference>
               </target-foreign-key>
               <container xsi:type="list-container-policy">
                  <collection-type>org.eclipse.persistence.indirection.IndirectList</collection-type>
               </container>
               <indirection xsi:type="transparent-collection-indirection-policy"/>
               <selection-query xsi:type="read-all-query">
                  <container xsi:type="list-container-policy">
                     <collection-type>org.eclipse.persistence.indirection.IndirectList</collection-type>
                  </container>
               </selection-query>
            </attribute-mapping>
            <attribute-mapping xsi:type="direct-mapping">
               <attribute-name>loc</attribute-name>
               <field table="DEPT" name="LOC" xsi:type="column"/>
            </attribute-mapping>
         </attribute-mappings>
         <descriptor-type>independent</descriptor-type>
         <instantiation/>
         <copying xsi:type="instantiation-copy-policy"/>
         <tables>
            <table name="DEPT"/>
         </tables>
      </class-mapping-descriptor>
      <class-mapping-descriptor xsi:type="relational-class-mapping-descriptor">
         <class>pj.Emp</class>
         <alias>Emp</alias>
         <primary-key>
            <field table="EMP" name="EMPNO" xsi:type="column"/>
         </primary-key>
         <events/>
         <querying>
            <queries>
               <query name="findAllEmp" xsi:type="read-all-query">
                  <reference-class>pj.Emp</reference-class>
                  <outer-join-subclasses>false</outer-join-subclasses>
                  <container xsi:type="list-container-policy">
                     <collection-type>java.util.Vector</collection-type>
                  </container>
               </query>
            </queries>
         </querying>
         <attribute-mappings>
            <attribute-mapping xsi:type="direct-mapping">
               <attribute-name>comm</attribute-name>
               <field table="EMP" name="COMM" xsi:type="column"/>
            </attribute-mapping>
            <attribute-mapping xsi:type="one-to-one-mapping">
               <attribute-name>deptno</attribute-name>
               <reference-class>pj.Dept</reference-class>
               <foreign-key>
                  <field-reference>
                     <source-field table="EMP" name="DEPTNO" xsi:type="column"/>
                     <target-field table="DEPT" name="DEPTNO" xsi:type="column"/>
                  </field-reference>
               </foreign-key>
               <foreign-key-fields>
                  <field table="EMP" name="DEPTNO" xsi:type="column"/>
               </foreign-key-fields>
               <indirection xsi:type="value-holder-indirection-policy"/>
               <selection-query xsi:type="read-object-query"/>
            </attribute-mapping>
            <attribute-mapping xsi:type="one-to-many-mapping">
               <attribute-name>empCollection</attribute-name>
               <reference-class>pj.Emp</reference-class>
               <target-foreign-key>
                  <field-reference>
                     <source-field table="EMP" name="MGR" xsi:type="column"/>
                     <target-field table="EMP" name="EMPNO" xsi:type="column"/>
                  </field-reference>
               </target-foreign-key>
               <container xsi:type="list-container-policy">
                  <collection-type>org.eclipse.persistence.indirection.IndirectList</collection-type>
               </container>
               <indirection xsi:type="transparent-collection-indirection-policy"/>
               <selection-query xsi:type="read-all-query">
                  <container xsi:type="list-container-policy">
                     <collection-type>org.eclipse.persistence.indirection.IndirectList</collection-type>
                  </container>
               </selection-query>
            </attribute-mapping>
            <attribute-mapping xsi:type="direct-mapping">
               <attribute-name>empno</attribute-name>
               <field table="EMP" name="EMPNO" xsi:type="column"/>
            </attribute-mapping>
            <attribute-mapping xsi:type="direct-mapping">
               <attribute-name>ename</attribute-name>
               <field table="EMP" name="ENAME" xsi:type="column"/>
            </attribute-mapping>
            <attribute-mapping xsi:type="direct-mapping">
               <attribute-name>hiredate</attribute-name>
               <field table="EMP" name="HIREDATE" xsi:type="column"/>
            </attribute-mapping>
            <attribute-mapping xsi:type="direct-mapping">
               <attribute-name>job</attribute-name>
               <field table="EMP" name="JOB" xsi:type="column"/>
            </attribute-mapping>
            <attribute-mapping xsi:type="one-to-one-mapping">
               <attribute-name>mgr</attribute-name>
               <reference-class>pj.Emp</reference-class>
               <foreign-key>
                  <field-reference>
                     <source-field table="EMP" name="MGR" xsi:type="column"/>
                     <target-field table="EMP" name="EMPNO" xsi:type="column"/>
                  </field-reference>
               </foreign-key>
               <foreign-key-fields>
                  <field table="EMP" name="MGR" xsi:type="column"/>
               </foreign-key-fields>
               <indirection xsi:type="value-holder-indirection-policy"/>
               <selection-query xsi:type="read-object-query"/>
            </attribute-mapping>
            <attribute-mapping xsi:type="direct-mapping">
               <attribute-name>sal</attribute-name>
               <field table="EMP" name="SAL" xsi:type="column"/>
            </attribute-mapping>
         </attribute-mappings>
         <descriptor-type>independent</descriptor-type>
         <instantiation/>
         <copying xsi:type="instantiation-copy-policy"/>
         <tables>
            <table name="EMP"/>
         </tables>
      </class-mapping-descriptor>
   </class-mapping-descriptors>
   <login xsi:type="database-login">
      <platform-class>org.eclipse.persistence.platform.database.oracle.Oracle11Platform</platform-class>
      <user-name>amujuri</user-name>
      <password>7DE7B22A3CAD081E3266438D0679B2DA</password>
      <driver-class>oracle.jdbc.OracleDriver</driver-class>
      <connection-url>jdbc:oracle:thin:@stank02.us.oracle.com:1521:adt1116</connection-url>
   </login>
</object-persistence>
