<?xml version="1.0" encoding="UTF-8" ?>
<JavaBean xmlns="http://xmlns.oracle.com/adfm/beanmodel" version="11.1.1.61.92"
          id="JavaServiceFacade" Package="qa.model"
          BeanClass="qa.model.JavaServiceFacade" isJavaBased="true">
  <MethodAccessor IsCollection="false" Type="java.lang.Object" id="mergeEntity"
                  ReturnNodeName="Return">
    <ParameterInfo id="entity" Type="java.lang.Object" isStructured="false"/>
  </MethodAccessor>
  <MethodAccessor IsCollection="false" Type="java.lang.Object"
                  id="persistEntity" ReturnNodeName="Return">
    <ParameterInfo id="entity" Type="java.lang.Object" isStructured="false"/>
  </MethodAccessor>
  <MethodAccessor IsCollection="false" Type="java.lang.Object"
                  id="refreshEntity" ReturnNodeName="Return">
    <ParameterInfo id="entity" Type="java.lang.Object" isStructured="false"/>
  </MethodAccessor>
  <MethodAccessor IsCollection="false" Type="void" id="removeEntity"
                  ReturnNodeName="Return">
    <ParameterInfo id="entity" Type="java.lang.Object" isStructured="false"/>
  </MethodAccessor>
  <MethodAccessor IsCollection="true" Type="pj.Emp" BeanClass="pj.Emp"
                  id="findAllEmp" ReturnNodeName="Emp"
                  CollectionBeanClass="UpdateableCollection"/>
  <MethodAccessor IsCollection="true" Type="pj.Dept" BeanClass="pj.Dept"
                  id="findAllDept" ReturnNodeName="Dept"
                  CollectionBeanClass="UpdateableCollection"/>
  <ConstructorMethod IsCollection="true" Type="qa.model.JavaServiceFacade"
                     BeanClass="qa.model.JavaServiceFacade"
                     id="JavaServiceFacade"/>
</JavaBean>
