<?xml version="1.0" encoding="UTF-8" ?>
<adfc-config xmlns="http://xmlns.oracle.com/adf/controller" version="1.2">
  <task-flow-definition id="childTF">
    <default-activity id="__1">childView</default-activity>
    <transaction id="__8">
      <requires-existing-transaction/>
    </transaction>
    <view id="childView">
      <page>/childView.jspx</page>
    </view>
    <task-flow-return id="taskFlowReturn1">
      <outcome id="__2">
        <name>back</name>
        <restore-save-point/>
      </outcome>
    </task-flow-return>
    <control-flow-rule id="__3">
      <from-activity-id id="__4">childView</from-activity-id>
      <control-flow-case id="__5">
        <from-outcome id="__7">back</from-outcome>
        <to-activity-id id="__6">taskFlowReturn1</to-activity-id>
      </control-flow-case>
    </control-flow-rule>
  </task-flow-definition>
</adfc-config>
