<?xml version = '1.0' encoding = 'windows-1252'?>
<jdbc-data-source xmlns:xsi="http://www.w3.org/2001/XMLSchema-instance"
                  xsi:schemaLocation="http://www.bea.com/ns/weblogic/jdbc-data-source http://www.bea.com/ns/weblogic/jdbc-data-source/1.0/jdbc-data-source.xsd"
                  xmlns="http://www.bea.com/ns/weblogic/jdbc-data-source">
    <name>Connection1</name>
    <jdbc-driver-params>
        <url>jdbc:oracle:thin:@slc00ali:1521:adt1116</url>
        <driver-name>oracle.jdbc.OracleDriver</driver-name>
        <properties>
            <property>
                <name>user</name>
                <value>gsui</value>
            </property>
        </properties>
        <password-encrypted>7DE7B22A3CAD081E3266438D0679B2DA</password-encrypted>
    </jdbc-driver-params>
    <jdbc-connection-pool-params>
        <test-table-name>SQL SELECT 1 FROM DUAL</test-table-name>
    </jdbc-connection-pool-params>
    <jdbc-data-source-params>
        <jndi-name>jdbc/Connection1DS</jndi-name>
        <scope>Application</scope>
    </jdbc-data-source-params>
</jdbc-data-source>
