<?xml version="1.0" encoding="UTF-8" ?>
<!DOCTYPE ViewLink SYSTEM "jbo_03_01.dtd">
<!---->
<ViewLink
  xmlns="http://xmlns.oracle.com/bc4j"
  Name="PworksInDeptLink"
  Version="11.1.1.61.92"
  InheritPersonalization="true"
  EntityAssociation="model.PworksInDeptAssoc">
  <DesignTime>
    <Attr Name="_isCodegen" Value="true"/>
  </DesignTime>
  <ViewLinkDefEnd
    Name="DeptView"
    Cardinality="1"
    Owner="model.DeptView"
    Source="true">
    <DesignTime>
      <Attr Name="_finderName" Value="DeptView"/>
      <Attr Name="_isUpdateable" Value="true"/>
    </DesignTime>
    <AttrArray Name="Attributes">
      <Item Value="model.DeptView.Deptno"/>
    </AttrArray>
  </ViewLinkDefEnd>
  <ViewLinkDefEnd
    Name="EmpView"
    Cardinality="-1"
    Owner="model.EmpView">
    <DesignTime>
      <Attr Name="_finderName" Value="EmpView"/>
      <Attr Name="_isUpdateable" Value="true"/>
    </DesignTime>
    <AttrArray Name="Attributes">
      <Item Value="model.EmpView.Deptno"/>
    </AttrArray>
  </ViewLinkDefEnd>
</ViewLink>
