<?xml version = '1.0' encoding = 'UTF-8'?>
<References xmlns="http://xmlns.oracle.com/adf/jndi">
   <Reference name="Connection1" className="oracle.jdeveloper.db.adapter.DatabaseProvider" credentialStoreKey="Connection1" xmlns="">
      <Factory className="oracle.jdeveloper.db.adapter.DatabaseProviderFactory"/>
      <RefAddresses>
         <StringRefAddr addrType="sid">
            <Contents>adt1010</Contents>
         </StringRefAddr>
         <StringRefAddr addrType="subtype">
            <Contents>oraJDBC</Contents>
         </StringRefAddr>
         <StringRefAddr addrType="port">
            <Contents>1521</Contents>
         </StringRefAddr>
         <StringRefAddr addrType="hostname">
            <Contents>adt-scaler1</Contents>
         </StringRefAddr>
         <StringRefAddr addrType="user">
            <Contents>gsui</Contents>
         </StringRefAddr>
         <SecureRefAddr addrType="password"/>
         <StringRefAddr addrType="DeployPassword">
            <Contents>true</Contents>
         </StringRefAddr>
         <StringRefAddr addrType="oraDriverType">
            <Contents>thin</Contents>
         </StringRefAddr>
      </RefAddresses>
   </Reference>
   <Reference name="{/model/common/}AppModuleBCSService" className="oracle.jbo.client.svc.Service" xmlns="">
      <Factory className="oracle.jbo.client.svc.ServiceFactory"/>
      <RefAddresses>
         <StringRefAddr addrType="serviceInterfaceName">
            <Contents>model.common.serviceinterface.AppModuleBCSService</Contents>
         </StringRefAddr>
         <StringRefAddr addrType="serviceEndpointProvider">
            <Contents>ADFBC</Contents>
         </StringRefAddr>
         <StringRefAddr addrType="jndiName">
            <Contents>AppModuleBCSServiceBean#model.common.serviceinterface.AppModuleBCSService</Contents>
         </StringRefAddr>
         <StringRefAddr addrType="serviceSchemaName">
            <Contents>AppModuleBCSService.xsd</Contents>
         </StringRefAddr>
         <StringRefAddr addrType="serviceSchemaLocation">
            <Contents>model/common/serviceinterface/</Contents>
         </StringRefAddr>
      </RefAddresses>
   </Reference>
</References>